<?xml version="1.0" encoding="UTF-8"?>
<GenRun Id="synth_1" LaunchPart="xc7a35tcpg236-1" LaunchTime="1699099342">
  <File Type="PA-TCL" Name="top_module.tcl"/>
  <File Type="REPORTS-TCL" Name="top_module_reports.tcl"/>
  <File Type="RDS-RDS" Name="top_module.vds"/>
  <File Type="RDS-UTIL" Name="top_module_utilization_synth.rpt"/>
  <File Type="RDS-UTIL-PB" Name="top_module_utilization_synth.pb"/>
  <File Type="RDS-DCP" Name="top_module.dcp"/>
  <FileSet Name="sources" Type="DesignSrcs" RelSrcDir="$PSRCDIR/sources_1">
    <Filter Type="Srcs"/>
    <File Path="$PSRCDIR/sources_1/imports/ntyythepro/Downloads/Telegram Desktop/anne.xpr/MODS/MODS.srcs/sources_1/new/A_disp.v">
      <FileInfo>
        <Attr Name="ImportPath" Val="$PPRDIR/../../../../../../../../../../../../../../../../../../../../../../Downloads/Telegram Desktop/anne.xpr/MODS/MODS.srcs/sources_1/new/A_disp.v"/>
        <Attr Name="ImportTime" Val="1699018510"/>
        <Attr Name="UsedIn" Val="synthesis"/>
        <Attr Name="UsedIn" Val="implementation"/>
        <Attr Name="UsedIn" Val="simulation"/>
      </FileInfo>
    </File>
    <File Path="$PSRCDIR/sources_1/imports/new/Audio_Ball.v">
      <FileInfo>
        <Attr Name="ImportPath" Val="$PPRDIR/../../../../../../../../../../../../../../../../../../../../../../Downloads/Telegram Desktop/jonathan_final.xpr/MODS/MODS.srcs/sources_1/new/Audio_Ball.v"/>
        <Attr Name="ImportTime" Val="1699034268"/>
        <Attr Name="UsedIn" Val="synthesis"/>
        <Attr Name="UsedIn" Val="implementation"/>
        <Attr Name="UsedIn" Val="simulation"/>
      </FileInfo>
    </File>
    <File Path="$PSRCDIR/sources_1/imports/new/Audio_Capture.v">
      <FileInfo>
        <Attr Name="ImportPath" Val="$PPRDIR/../../../../../../../../../../../../../../../../../../../../../../Downloads/Telegram Desktop/jonathan_final.xpr/MODS/MODS.srcs/sources_1/new/Audio_Capture.v"/>
        <Attr Name="ImportTime" Val="1699034268"/>
        <Attr Name="UsedIn" Val="synthesis"/>
        <Attr Name="UsedIn" Val="implementation"/>
        <Attr Name="UsedIn" Val="simulation"/>
      </FileInfo>
    </File>
    <File Path="$PSRCDIR/sources_1/imports/new/Audio_Visualiser.v">
      <FileInfo>
        <Attr Name="ImportPath" Val="$PPRDIR/../../../../../../../../../../../../../../../../../../../../../../Downloads/Telegram Desktop/jonathan_final.xpr/MODS/MODS.srcs/sources_1/new/Audio_Visualiser.v"/>
        <Attr Name="ImportTime" Val="1699034268"/>
        <Attr Name="UsedIn" Val="synthesis"/>
        <Attr Name="UsedIn" Val="implementation"/>
        <Attr Name="UsedIn" Val="simulation"/>
      </FileInfo>
    </File>
    <File Path="$PSRCDIR/sources_1/imports/ntyythepro/Downloads/Telegram Desktop/anne.xpr/MODS/MODS.srcs/sources_1/new/B1_disp.v">
      <FileInfo>
        <Attr Name="ImportPath" Val="$PPRDIR/../../../../../../../../../../../../../../../../../../../../../../Downloads/Telegram Desktop/anne.xpr/MODS/MODS.srcs/sources_1/new/B1_disp.v"/>
        <Attr Name="ImportTime" Val="1699018510"/>
        <Attr Name="UsedIn" Val="synthesis"/>
        <Attr Name="UsedIn" Val="implementation"/>
        <Attr Name="UsedIn" Val="simulation"/>
      </FileInfo>
    </File>
    <File Path="$PSRCDIR/sources_1/imports/ntyythepro/Downloads/Telegram Desktop/anne.xpr/MODS/MODS.srcs/sources_1/new/B2_disp.v">
      <FileInfo>
        <Attr Name="ImportPath" Val="$PPRDIR/../../../../../../../../../../../../../../../../../../../../../../Downloads/Telegram Desktop/anne.xpr/MODS/MODS.srcs/sources_1/new/B2_disp.v"/>
        <Attr Name="ImportTime" Val="1699018510"/>
        <Attr Name="UsedIn" Val="synthesis"/>
        <Attr Name="UsedIn" Val="implementation"/>
        <Attr Name="UsedIn" Val="simulation"/>
      </FileInfo>
    </File>
    <File Path="$PSRCDIR/sources_1/imports/ntyythepro/Downloads/Telegram Desktop/anne.xpr/MODS/MODS.srcs/sources_1/new/B3_disp.v">
      <FileInfo>
        <Attr Name="ImportPath" Val="$PPRDIR/../../../../../../../../../../../../../../../../../../../../../../Downloads/Telegram Desktop/anne.xpr/MODS/MODS.srcs/sources_1/new/B3_disp.v"/>
        <Attr Name="ImportTime" Val="1699018510"/>
        <Attr Name="UsedIn" Val="synthesis"/>
        <Attr Name="UsedIn" Val="implementation"/>
        <Attr Name="UsedIn" Val="simulation"/>
      </FileInfo>
    </File>
    <File Path="$PSRCDIR/sources_1/imports/davia/EE2026 Labs/MODS/MODS/MODS.srcs/sources_1/new/BRAM_GroupMenu.v">
      <FileInfo>
        <Attr Name="ImportPath" Val="$PPRDIR/../../../../../../../../EE2026 Labs/MODS/MODS/MODS.srcs/sources_1/new/BRAM_GroupMenu.v"/>
        <Attr Name="ImportTime" Val="1698917421"/>
        <Attr Name="UsedIn" Val="synthesis"/>
        <Attr Name="UsedIn" Val="implementation"/>
        <Attr Name="UsedIn" Val="simulation"/>
      </FileInfo>
    </File>
    <File Path="$PSRCDIR/sources_1/imports/mainmenu/BRAM_MainMenu.v">
      <FileInfo>
        <Attr Name="ImportPath" Val="$PPRDIR/../../../../../../../../../../../../../../../../../../../../../emodsNarchive/final_indiv_3nov.xpr/project_1/project_1.srcs/sources_1/imports/mainmenu/BRAM_MainMenu.v"/>
        <Attr Name="ImportTime" Val="1699030169"/>
        <Attr Name="UsedIn" Val="synthesis"/>
        <Attr Name="UsedIn" Val="implementation"/>
        <Attr Name="UsedIn" Val="simulation"/>
      </FileInfo>
    </File>
    <File Path="$PSRCDIR/sources_1/imports/davia/EE2026 Labs/MODS/MODS/MODS.srcs/sources_1/new/BRAM_codeScreen.v">
      <FileInfo>
        <Attr Name="ImportPath" Val="$PPRDIR/../../../../../../../../EE2026 Labs/MODS/MODS/MODS.srcs/sources_1/new/BRAM_codeScreen.v"/>
        <Attr Name="ImportTime" Val="1699040944"/>
        <Attr Name="UsedIn" Val="synthesis"/>
        <Attr Name="UsedIn" Val="implementation"/>
        <Attr Name="UsedIn" Val="simulation"/>
      </FileInfo>
    </File>
    <File Path="$PSRCDIR/sources_1/imports/davia/EE2026 Labs/MODS/MODS/MODS.srcs/sources_1/new/BRAM_csgo.v">
      <FileInfo>
        <Attr Name="ImportPath" Val="$PPRDIR/../../../../../../../../EE2026 Labs/MODS/MODS/MODS.srcs/sources_1/new/BRAM_csgo.v"/>
        <Attr Name="ImportTime" Val="1699067019"/>
        <Attr Name="UsedIn" Val="synthesis"/>
        <Attr Name="UsedIn" Val="implementation"/>
        <Attr Name="UsedIn" Val="simulation"/>
      </FileInfo>
    </File>
    <File Path="$PSRCDIR/sources_1/imports/davia/EE2026 Labs/MODS/MODS/MODS.srcs/sources_1/new/BRAM_messages.v">
      <FileInfo>
        <Attr Name="ImportPath" Val="$PPRDIR/../../../../../../../../EE2026 Labs/MODS/MODS/MODS.srcs/sources_1/new/BRAM_messages.v"/>
        <Attr Name="ImportTime" Val="1698603312"/>
        <Attr Name="UsedIn" Val="synthesis"/>
        <Attr Name="UsedIn" Val="implementation"/>
        <Attr Name="UsedIn" Val="simulation"/>
      </FileInfo>
    </File>
    <File Path="$PSRCDIR/sources_1/imports/ntyythepro/Downloads/Telegram Desktop/anne.xpr/MODS/MODS.srcs/sources_1/new/C2_disp.v">
      <FileInfo>
        <Attr Name="ImportPath" Val="$PPRDIR/../../../../../../../../../../../../../../../../../../../../../../Downloads/Telegram Desktop/anne.xpr/MODS/MODS.srcs/sources_1/new/C2_disp.v"/>
        <Attr Name="ImportTime" Val="1699018510"/>
        <Attr Name="UsedIn" Val="synthesis"/>
        <Attr Name="UsedIn" Val="implementation"/>
        <Attr Name="UsedIn" Val="simulation"/>
      </FileInfo>
    </File>
    <File Path="$PSRCDIR/sources_1/imports/ntyythepro/Downloads/Telegram Desktop/anne.xpr/MODS/MODS.srcs/sources_1/new/C3_disp.v">
      <FileInfo>
        <Attr Name="ImportPath" Val="$PPRDIR/../../../../../../../../../../../../../../../../../../../../../../Downloads/Telegram Desktop/anne.xpr/MODS/MODS.srcs/sources_1/new/C3_disp.v"/>
        <Attr Name="ImportTime" Val="1699018510"/>
        <Attr Name="UsedIn" Val="synthesis"/>
        <Attr Name="UsedIn" Val="implementation"/>
        <Attr Name="UsedIn" Val="simulation"/>
      </FileInfo>
    </File>
    <File Path="$PSRCDIR/sources_1/imports/ntyythepro/Downloads/Telegram Desktop/anne.xpr/MODS/MODS.srcs/sources_1/new/F1_disp.v">
      <FileInfo>
        <Attr Name="ImportPath" Val="$PPRDIR/../../../../../../../../../../../../../../../../../../../../../../Downloads/Telegram Desktop/anne.xpr/MODS/MODS.srcs/sources_1/new/F1_disp.v"/>
        <Attr Name="ImportTime" Val="1699018510"/>
        <Attr Name="UsedIn" Val="synthesis"/>
        <Attr Name="UsedIn" Val="implementation"/>
        <Attr Name="UsedIn" Val="simulation"/>
      </FileInfo>
    </File>
    <File Path="$PSRCDIR/sources_1/imports/ntyythepro/Downloads/Telegram Desktop/anne.xpr/MODS/MODS.srcs/sources_1/new/F2_disp.v">
      <FileInfo>
        <Attr Name="ImportPath" Val="$PPRDIR/../../../../../../../../../../../../../../../../../../../../../../Downloads/Telegram Desktop/anne.xpr/MODS/MODS.srcs/sources_1/new/F2_disp.v"/>
        <Attr Name="ImportTime" Val="1699018510"/>
        <Attr Name="UsedIn" Val="synthesis"/>
        <Attr Name="UsedIn" Val="implementation"/>
        <Attr Name="UsedIn" Val="simulation"/>
      </FileInfo>
    </File>
    <File Path="$PSRCDIR/sources_1/imports/ntyythepro/Downloads/Telegram Desktop/anne.xpr/MODS/MODS.srcs/sources_1/new/G1_disp.v">
      <FileInfo>
        <Attr Name="ImportPath" Val="$PPRDIR/../../../../../../../../../../../../../../../../../../../../../../Downloads/Telegram Desktop/anne.xpr/MODS/MODS.srcs/sources_1/new/G1_disp.v"/>
        <Attr Name="ImportTime" Val="1699018510"/>
        <Attr Name="UsedIn" Val="synthesis"/>
        <Attr Name="UsedIn" Val="implementation"/>
        <Attr Name="UsedIn" Val="simulation"/>
      </FileInfo>
    </File>
    <File Path="$PSRCDIR/sources_1/imports/ntyythepro/Downloads/Telegram Desktop/anne.xpr/MODS/MODS.srcs/sources_1/new/J2_disp.v">
      <FileInfo>
        <Attr Name="ImportPath" Val="$PPRDIR/../../../../../../../../../../../../../../../../../../../../../../Downloads/Telegram Desktop/anne.xpr/MODS/MODS.srcs/sources_1/new/J2_disp.v"/>
        <Attr Name="ImportTime" Val="1699018510"/>
        <Attr Name="UsedIn" Val="synthesis"/>
        <Attr Name="UsedIn" Val="implementation"/>
        <Attr Name="UsedIn" Val="simulation"/>
      </FileInfo>
    </File>
    <File Path="$PSRCDIR/sources_1/imports/ntyythepro/Downloads/Telegram Desktop/anne.xpr/MODS/MODS.srcs/sources_1/new/J3_disp.v">
      <FileInfo>
        <Attr Name="ImportPath" Val="$PPRDIR/../../../../../../../../../../../../../../../../../../../../../../Downloads/Telegram Desktop/anne.xpr/MODS/MODS.srcs/sources_1/new/J3_disp.v"/>
        <Attr Name="ImportTime" Val="1699018510"/>
        <Attr Name="UsedIn" Val="synthesis"/>
        <Attr Name="UsedIn" Val="implementation"/>
        <Attr Name="UsedIn" Val="simulation"/>
      </FileInfo>
    </File>
    <File Path="$PSRCDIR/sources_1/imports/ntyythepro/Downloads/Telegram Desktop/anne.xpr/MODS/MODS.srcs/sources_1/new/L2_disp.v">
      <FileInfo>
        <Attr Name="ImportPath" Val="$PPRDIR/../../../../../../../../../../../../../../../../../../../../../../Downloads/Telegram Desktop/anne.xpr/MODS/MODS.srcs/sources_1/new/L2_disp.v"/>
        <Attr Name="ImportTime" Val="1699018510"/>
        <Attr Name="UsedIn" Val="synthesis"/>
        <Attr Name="UsedIn" Val="implementation"/>
        <Attr Name="UsedIn" Val="simulation"/>
      </FileInfo>
    </File>
    <File Path="$PSRCDIR/sources_1/imports/ntyythepro/Downloads/Telegram Desktop/anne.xpr/MODS/MODS.srcs/sources_1/new/L3_disp.v">
      <FileInfo>
        <Attr Name="ImportPath" Val="$PPRDIR/../../../../../../../../../../../../../../../../../../../../../../Downloads/Telegram Desktop/anne.xpr/MODS/MODS.srcs/sources_1/new/L3_disp.v"/>
        <Attr Name="ImportTime" Val="1699018510"/>
        <Attr Name="UsedIn" Val="synthesis"/>
        <Attr Name="UsedIn" Val="implementation"/>
        <Attr Name="UsedIn" Val="simulation"/>
      </FileInfo>
    </File>
    <File Path="$PSRCDIR/sources_1/imports/davia/EE2026 Labs/MODS/MODS/MODS.srcs/sources_1/new/alphabets.vh">
      <FileInfo>
        <Attr Name="ImportPath" Val="$PPRDIR/../../../../../../../../EE2026 Labs/MODS/MODS/MODS.srcs/sources_1/new/alphabets.vh"/>
        <Attr Name="ImportTime" Val="1699074426"/>
        <Attr Name="UsedIn" Val="synthesis"/>
        <Attr Name="UsedIn" Val="simulation"/>
      </FileInfo>
    </File>
    <File Path="$PSRCDIR/sources_1/imports/new/Led_Control.v">
      <FileInfo>
        <Attr Name="ImportPath" Val="$PPRDIR/../../../../../../../../../../../../../../../../../../../../../../Downloads/Telegram Desktop/jonathan_final.xpr/MODS/MODS.srcs/sources_1/new/Led_Control.v"/>
        <Attr Name="ImportTime" Val="1699034268"/>
        <Attr Name="UsedIn" Val="synthesis"/>
        <Attr Name="UsedIn" Val="implementation"/>
        <Attr Name="UsedIn" Val="simulation"/>
      </FileInfo>
    </File>
    <File Path="$PSRCDIR/sources_1/imports/mainmenu/MainMenu.v">
      <FileInfo>
        <Attr Name="ImportPath" Val="$PPRDIR/../../../../../../../../../../../../../../../../../../../../../emodsNarchive/final_indiv_3nov.xpr/project_1/project_1.srcs/sources_1/imports/mainmenu/MainMenu.v"/>
        <Attr Name="ImportTime" Val="1699002738"/>
        <Attr Name="UsedIn" Val="synthesis"/>
        <Attr Name="UsedIn" Val="implementation"/>
        <Attr Name="UsedIn" Val="simulation"/>
      </FileInfo>
    </File>
    <File Path="$PSRCDIR/sources_1/imports/ntyythepro/Downloads/Telegram Desktop/anne.xpr/MODS/MODS.srcs/sources_1/imports/Desktop/Oled_Display.v">
      <FileInfo>
        <Attr Name="ImportPath" Val="$PPRDIR/../../../../../../../../../../../../../../../../../../../../../../Downloads/Telegram Desktop/anne.xpr/MODS/MODS.srcs/sources_1/imports/Desktop/Oled_Display.v"/>
        <Attr Name="ImportTime" Val="1699018507"/>
        <Attr Name="UsedIn" Val="synthesis"/>
        <Attr Name="UsedIn" Val="implementation"/>
        <Attr Name="UsedIn" Val="simulation"/>
      </FileInfo>
    </File>
    <File Path="$PSRCDIR/sources_1/new/Receiver.v">
      <FileInfo>
        <Attr Name="ImportPath" Val="$PPRDIR/../../../../../../../../../../../../../../../../../../../../../emodsNarchive/project_1/project_1.srcs/sources_1/new/Receiver.v"/>
        <Attr Name="ImportTime" Val="1698510649"/>
        <Attr Name="UsedIn" Val="synthesis"/>
        <Attr Name="UsedIn" Val="implementation"/>
        <Attr Name="UsedIn" Val="simulation"/>
      </FileInfo>
    </File>
    <File Path="$PSRCDIR/sources_1/imports/new/Top_Student.v">
      <FileInfo>
        <Attr Name="ImportPath" Val="$PPRDIR/../../../../../../../../../../../../../../../../../../../../../../Downloads/Telegram Desktop/jonathan_final.xpr/MODS/MODS.srcs/sources_1/new/Top_Student.v"/>
        <Attr Name="ImportTime" Val="1699034268"/>
        <Attr Name="UsedIn" Val="synthesis"/>
        <Attr Name="UsedIn" Val="implementation"/>
        <Attr Name="UsedIn" Val="simulation"/>
      </FileInfo>
    </File>
    <File Path="$PSRCDIR/sources_1/imports/ntyythepro/Downloads/Telegram Desktop/anne.xpr/MODS/MODS.srcs/sources_1/new/Top_Student.v">
      <FileInfo>
        <Attr Name="ImportPath" Val="$PPRDIR/../../../../../../../../../../../../../../../../../../../../../../Downloads/Telegram Desktop/anne.xpr/MODS/MODS.srcs/sources_1/new/Top_Student.v"/>
        <Attr Name="ImportTime" Val="1699029965"/>
        <Attr Name="UsedIn" Val="synthesis"/>
        <Attr Name="UsedIn" Val="implementation"/>
        <Attr Name="UsedIn" Val="simulation"/>
      </FileInfo>
    </File>
    <File Path="$PSRCDIR/sources_1/new/UART_task.v">
      <FileInfo>
        <Attr Name="ImportPath" Val="$PPRDIR/../../../../../../../../../../../../../../../../../../../../../emodsNarchive/project_1/project_1.srcs/sources_1/new/UART_task.v"/>
        <Attr Name="ImportTime" Val="1698691121"/>
        <Attr Name="UsedIn" Val="synthesis"/>
        <Attr Name="UsedIn" Val="implementation"/>
        <Attr Name="UsedIn" Val="simulation"/>
      </FileInfo>
    </File>
    <File Path="$PSRCDIR/sources_1/new/as_display.v">
      <FileInfo>
        <Attr Name="ImportPath" Val="$PPRDIR/../../../../../../../../../../../../../../../../../../../../../emodsNarchive/project4/project_1/project_1.srcs/sources_1/new/as_display.v"/>
        <Attr Name="ImportTime" Val="1698984425"/>
        <Attr Name="UsedIn" Val="synthesis"/>
        <Attr Name="UsedIn" Val="implementation"/>
        <Attr Name="UsedIn" Val="simulation"/>
      </FileInfo>
    </File>
    <File Path="$PSRCDIR/sources_1/imports/davia/EE2026 Labs/MODS/MODS/MODS.srcs/sources_1/new/blankchar.v">
      <FileInfo>
        <Attr Name="ImportPath" Val="$PPRDIR/../../../../../../../../EE2026 Labs/MODS/MODS/MODS.srcs/sources_1/new/blankchar.v"/>
        <Attr Name="ImportTime" Val="1699042258"/>
        <Attr Name="UsedIn" Val="synthesis"/>
        <Attr Name="UsedIn" Val="implementation"/>
        <Attr Name="UsedIn" Val="simulation"/>
      </FileInfo>
    </File>
    <File Path="$PSRCDIR/sources_1/imports/ntyythepro/Downloads/Telegram Desktop/anne.xpr/MODS/MODS.srcs/sources_1/new/button_controls.v">
      <FileInfo>
        <Attr Name="ImportPath" Val="$PPRDIR/../../../../../../../../../../../../../../../../../../../../../../Downloads/Telegram Desktop/anne.xpr/MODS/MODS.srcs/sources_1/new/button_controls.v"/>
        <Attr Name="ImportTime" Val="1699018510"/>
        <Attr Name="UsedIn" Val="synthesis"/>
        <Attr Name="UsedIn" Val="implementation"/>
        <Attr Name="UsedIn" Val="simulation"/>
      </FileInfo>
    </File>
    <File Path="$PSRCDIR/sources_1/new/d_ff.v">
      <FileInfo>
        <Attr Name="ImportPath" Val="$PPRDIR/../../../../../../../../../../../../../../../../../../../../../emodsNarchive/project4/project_1/project_1.srcs/sources_1/new/d_ff.v"/>
        <Attr Name="ImportTime" Val="1698863814"/>
        <Attr Name="UsedIn" Val="synthesis"/>
        <Attr Name="UsedIn" Val="implementation"/>
        <Attr Name="UsedIn" Val="simulation"/>
      </FileInfo>
    </File>
    <File Path="$PSRCDIR/sources_1/imports/davia/EE2026 Labs/MODS/MODS/MODS.srcs/sources_1/new/dff.v">
      <FileInfo>
        <Attr Name="ImportPath" Val="$PPRDIR/../../../../../../../../EE2026 Labs/MODS/MODS/MODS.srcs/sources_1/new/dff.v"/>
        <Attr Name="ImportTime" Val="1696795754"/>
        <Attr Name="UsedIn" Val="synthesis"/>
        <Attr Name="UsedIn" Val="implementation"/>
        <Attr Name="UsedIn" Val="simulation"/>
      </FileInfo>
    </File>
    <File Path="$PSRCDIR/sources_1/imports/ntyythepro/Downloads/Telegram Desktop/anne.xpr/MODS/MODS.srcs/sources_1/new/display_control.v">
      <FileInfo>
        <Attr Name="ImportPath" Val="$PPRDIR/../../../../../../../../../../../../../../../../../../../../../../Downloads/Telegram Desktop/anne.xpr/MODS/MODS.srcs/sources_1/new/display_control.v"/>
        <Attr Name="ImportTime" Val="1699018510"/>
        <Attr Name="UsedIn" Val="synthesis"/>
        <Attr Name="UsedIn" Val="implementation"/>
        <Attr Name="UsedIn" Val="simulation"/>
      </FileInfo>
    </File>
    <File Path="$PSRCDIR/sources_1/new/char_dimensions.vh">
      <FileInfo>
        <Attr Name="ImportPath" Val="$PPRDIR/../../../../../../../../../../../../../../../../../../../../../emodsNarchive/project4/project_1/project_1.srcs/sources_1/new/char_dimensions.vh"/>
        <Attr Name="ImportTime" Val="1698919786"/>
        <Attr Name="UsedIn" Val="synthesis"/>
        <Attr Name="UsedIn" Val="simulation"/>
      </FileInfo>
    </File>
    <File Path="$PSRCDIR/sources_1/new/draw_character.v">
      <FileInfo>
        <Attr Name="ImportPath" Val="$PPRDIR/../../../../../../../../../../../../../../../../../../../../../emodsNarchive/project_1/project_1.srcs/sources_1/new/draw_character.v"/>
        <Attr Name="ImportTime" Val="1698690920"/>
        <Attr Name="UsedIn" Val="synthesis"/>
        <Attr Name="UsedIn" Val="implementation"/>
        <Attr Name="UsedIn" Val="simulation"/>
      </FileInfo>
    </File>
    <File Path="$PSRCDIR/sources_1/new/draw_on_oled.v">
      <FileInfo>
        <Attr Name="ImportPath" Val="$PPRDIR/../../../../../../../../../../../../../../../../../../../../../emodsNarchive/project_1/project_1.srcs/sources_1/new/draw_on_oled.v"/>
        <Attr Name="ImportTime" Val="1698691297"/>
        <Attr Name="UsedIn" Val="synthesis"/>
        <Attr Name="UsedIn" Val="implementation"/>
        <Attr Name="UsedIn" Val="simulation"/>
      </FileInfo>
    </File>
    <File Path="$PSRCDIR/sources_1/imports/davia/EE2026 Labs/MODS/MODS/MODS.srcs/sources_1/new/eastercode.v">
      <FileInfo>
        <Attr Name="ImportPath" Val="$PPRDIR/../../../../../../../../EE2026 Labs/MODS/MODS/MODS.srcs/sources_1/new/eastercode.v"/>
        <Attr Name="ImportTime" Val="1699091540"/>
        <Attr Name="UsedIn" Val="synthesis"/>
        <Attr Name="UsedIn" Val="implementation"/>
        <Attr Name="UsedIn" Val="simulation"/>
      </FileInfo>
    </File>
    <File Path="$PSRCDIR/sources_1/imports/davia/EE2026 Labs/MODS/MODS/MODS.srcs/sources_1/new/encryption.v">
      <FileInfo>
        <Attr Name="ImportPath" Val="$PPRDIR/../../../../../../../../EE2026 Labs/MODS/MODS/MODS.srcs/sources_1/new/encryption.v"/>
        <Attr Name="ImportTime" Val="1699046725"/>
        <Attr Name="UsedIn" Val="synthesis"/>
        <Attr Name="UsedIn" Val="implementation"/>
        <Attr Name="UsedIn" Val="simulation"/>
      </FileInfo>
    </File>
    <File Path="$PSRCDIR/sources_1/imports/davia/EE2026 Labs/MODS/MODS/MODS.srcs/sources_1/new/enterLetter.v">
      <FileInfo>
        <Attr Name="ImportPath" Val="$PPRDIR/../../../../../../../../EE2026 Labs/MODS/MODS/MODS.srcs/sources_1/new/enterLetter.v"/>
        <Attr Name="ImportTime" Val="1698353171"/>
        <Attr Name="UsedIn" Val="synthesis"/>
        <Attr Name="UsedIn" Val="implementation"/>
        <Attr Name="UsedIn" Val="simulation"/>
      </FileInfo>
    </File>
    <File Path="$PSRCDIR/sources_1/imports/ntyythepro/Downloads/Telegram Desktop/anne.xpr/MODS/MODS.srcs/sources_1/new/homepage.v">
      <FileInfo>
        <Attr Name="ImportPath" Val="$PPRDIR/../../../../../../../../../../../../../../../../../../../../../../Downloads/Telegram Desktop/anne.xpr/MODS/MODS.srcs/sources_1/new/homepage.v"/>
        <Attr Name="ImportTime" Val="1699020388"/>
        <Attr Name="UsedIn" Val="synthesis"/>
        <Attr Name="UsedIn" Val="implementation"/>
        <Attr Name="UsedIn" Val="simulation"/>
      </FileInfo>
    </File>
    <File Path="$PSRCDIR/sources_1/imports/ntyythepro/Downloads/Telegram Desktop/anne.xpr/MODS/MODS.srcs/sources_1/new/learn_A.v">
      <FileInfo>
        <Attr Name="ImportPath" Val="$PPRDIR/../../../../../../../../../../../../../../../../../../../../../../Downloads/Telegram Desktop/anne.xpr/MODS/MODS.srcs/sources_1/new/learn_A.v"/>
        <Attr Name="ImportTime" Val="1699018510"/>
        <Attr Name="UsedIn" Val="synthesis"/>
        <Attr Name="UsedIn" Val="implementation"/>
        <Attr Name="UsedIn" Val="simulation"/>
      </FileInfo>
    </File>
    <File Path="$PSRCDIR/sources_1/imports/ntyythepro/Downloads/Telegram Desktop/anne.xpr/MODS/MODS.srcs/sources_1/new/learn_B.v">
      <FileInfo>
        <Attr Name="ImportPath" Val="$PPRDIR/../../../../../../../../../../../../../../../../../../../../../../Downloads/Telegram Desktop/anne.xpr/MODS/MODS.srcs/sources_1/new/learn_B.v"/>
        <Attr Name="ImportTime" Val="1699018510"/>
        <Attr Name="UsedIn" Val="synthesis"/>
        <Attr Name="UsedIn" Val="implementation"/>
        <Attr Name="UsedIn" Val="simulation"/>
      </FileInfo>
    </File>
    <File Path="$PSRCDIR/sources_1/imports/ntyythepro/Downloads/Telegram Desktop/anne.xpr/MODS/MODS.srcs/sources_1/new/learn_C.v">
      <FileInfo>
        <Attr Name="ImportPath" Val="$PPRDIR/../../../../../../../../../../../../../../../../../../../../../../Downloads/Telegram Desktop/anne.xpr/MODS/MODS.srcs/sources_1/new/learn_C.v"/>
        <Attr Name="ImportTime" Val="1699018510"/>
        <Attr Name="UsedIn" Val="synthesis"/>
        <Attr Name="UsedIn" Val="implementation"/>
        <Attr Name="UsedIn" Val="simulation"/>
      </FileInfo>
    </File>
    <File Path="$PSRCDIR/sources_1/imports/ntyythepro/Downloads/Telegram Desktop/anne.xpr/MODS/MODS.srcs/sources_1/new/learn_D.v">
      <FileInfo>
        <Attr Name="ImportPath" Val="$PPRDIR/../../../../../../../../../../../../../../../../../../../../../../Downloads/Telegram Desktop/anne.xpr/MODS/MODS.srcs/sources_1/new/learn_D.v"/>
        <Attr Name="ImportTime" Val="1699018511"/>
        <Attr Name="UsedIn" Val="synthesis"/>
        <Attr Name="UsedIn" Val="implementation"/>
        <Attr Name="UsedIn" Val="simulation"/>
      </FileInfo>
    </File>
    <File Path="$PSRCDIR/sources_1/imports/ntyythepro/Downloads/Telegram Desktop/anne.xpr/MODS/MODS.srcs/sources_1/new/learn_F.v">
      <FileInfo>
        <Attr Name="ImportPath" Val="$PPRDIR/../../../../../../../../../../../../../../../../../../../../../../Downloads/Telegram Desktop/anne.xpr/MODS/MODS.srcs/sources_1/new/learn_F.v"/>
        <Attr Name="ImportTime" Val="1699018511"/>
        <Attr Name="UsedIn" Val="synthesis"/>
        <Attr Name="UsedIn" Val="implementation"/>
        <Attr Name="UsedIn" Val="simulation"/>
      </FileInfo>
    </File>
    <File Path="$PSRCDIR/sources_1/imports/ntyythepro/Downloads/Telegram Desktop/anne.xpr/MODS/MODS.srcs/sources_1/new/learn_G.v">
      <FileInfo>
        <Attr Name="ImportPath" Val="$PPRDIR/../../../../../../../../../../../../../../../../../../../../../../Downloads/Telegram Desktop/anne.xpr/MODS/MODS.srcs/sources_1/new/learn_G.v"/>
        <Attr Name="ImportTime" Val="1699018511"/>
        <Attr Name="UsedIn" Val="synthesis"/>
        <Attr Name="UsedIn" Val="implementation"/>
        <Attr Name="UsedIn" Val="simulation"/>
      </FileInfo>
    </File>
    <File Path="$PSRCDIR/sources_1/imports/ntyythepro/Downloads/Telegram Desktop/anne.xpr/MODS/MODS.srcs/sources_1/new/learn_H.v">
      <FileInfo>
        <Attr Name="ImportPath" Val="$PPRDIR/../../../../../../../../../../../../../../../../../../../../../../Downloads/Telegram Desktop/anne.xpr/MODS/MODS.srcs/sources_1/new/learn_H.v"/>
        <Attr Name="ImportTime" Val="1699018511"/>
        <Attr Name="UsedIn" Val="synthesis"/>
        <Attr Name="UsedIn" Val="implementation"/>
        <Attr Name="UsedIn" Val="simulation"/>
      </FileInfo>
    </File>
    <File Path="$PSRCDIR/sources_1/imports/ntyythepro/Downloads/Telegram Desktop/anne.xpr/MODS/MODS.srcs/sources_1/new/learn_I.v">
      <FileInfo>
        <Attr Name="ImportPath" Val="$PPRDIR/../../../../../../../../../../../../../../../../../../../../../../Downloads/Telegram Desktop/anne.xpr/MODS/MODS.srcs/sources_1/new/learn_I.v"/>
        <Attr Name="ImportTime" Val="1699018511"/>
        <Attr Name="UsedIn" Val="synthesis"/>
        <Attr Name="UsedIn" Val="implementation"/>
        <Attr Name="UsedIn" Val="simulation"/>
      </FileInfo>
    </File>
    <File Path="$PSRCDIR/sources_1/imports/ntyythepro/Downloads/Telegram Desktop/anne.xpr/MODS/MODS.srcs/sources_1/new/learn_J.v">
      <FileInfo>
        <Attr Name="ImportPath" Val="$PPRDIR/../../../../../../../../../../../../../../../../../../../../../../Downloads/Telegram Desktop/anne.xpr/MODS/MODS.srcs/sources_1/new/learn_J.v"/>
        <Attr Name="ImportTime" Val="1699018511"/>
        <Attr Name="UsedIn" Val="synthesis"/>
        <Attr Name="UsedIn" Val="implementation"/>
        <Attr Name="UsedIn" Val="simulation"/>
      </FileInfo>
    </File>
    <File Path="$PSRCDIR/sources_1/imports/ntyythepro/Downloads/Telegram Desktop/anne.xpr/MODS/MODS.srcs/sources_1/new/learn_K.v">
      <FileInfo>
        <Attr Name="ImportPath" Val="$PPRDIR/../../../../../../../../../../../../../../../../../../../../../../Downloads/Telegram Desktop/anne.xpr/MODS/MODS.srcs/sources_1/new/learn_K.v"/>
        <Attr Name="ImportTime" Val="1699018511"/>
        <Attr Name="UsedIn" Val="synthesis"/>
        <Attr Name="UsedIn" Val="implementation"/>
        <Attr Name="UsedIn" Val="simulation"/>
      </FileInfo>
    </File>
    <File Path="$PSRCDIR/sources_1/imports/ntyythepro/Downloads/Telegram Desktop/anne.xpr/MODS/MODS.srcs/sources_1/new/learn_L.v">
      <FileInfo>
        <Attr Name="ImportPath" Val="$PPRDIR/../../../../../../../../../../../../../../../../../../../../../../Downloads/Telegram Desktop/anne.xpr/MODS/MODS.srcs/sources_1/new/learn_L.v"/>
        <Attr Name="ImportTime" Val="1699018511"/>
        <Attr Name="UsedIn" Val="synthesis"/>
        <Attr Name="UsedIn" Val="implementation"/>
        <Attr Name="UsedIn" Val="simulation"/>
      </FileInfo>
    </File>
    <File Path="$PSRCDIR/sources_1/imports/ntyythepro/Downloads/Telegram Desktop/anne.xpr/MODS/MODS.srcs/sources_1/new/learn_M.v">
      <FileInfo>
        <Attr Name="ImportPath" Val="$PPRDIR/../../../../../../../../../../../../../../../../../../../../../../Downloads/Telegram Desktop/anne.xpr/MODS/MODS.srcs/sources_1/new/learn_M.v"/>
        <Attr Name="ImportTime" Val="1699018511"/>
        <Attr Name="UsedIn" Val="synthesis"/>
        <Attr Name="UsedIn" Val="implementation"/>
        <Attr Name="UsedIn" Val="simulation"/>
      </FileInfo>
    </File>
    <File Path="$PSRCDIR/sources_1/imports/ntyythepro/Downloads/Telegram Desktop/anne.xpr/MODS/MODS.srcs/sources_1/new/learn_N.v">
      <FileInfo>
        <Attr Name="ImportPath" Val="$PPRDIR/../../../../../../../../../../../../../../../../../../../../../../Downloads/Telegram Desktop/anne.xpr/MODS/MODS.srcs/sources_1/new/learn_N.v"/>
        <Attr Name="ImportTime" Val="1699018511"/>
        <Attr Name="UsedIn" Val="synthesis"/>
        <Attr Name="UsedIn" Val="implementation"/>
        <Attr Name="UsedIn" Val="simulation"/>
      </FileInfo>
    </File>
    <File Path="$PSRCDIR/sources_1/imports/ntyythepro/Downloads/Telegram Desktop/anne.xpr/MODS/MODS.srcs/sources_1/new/learn_p1.v">
      <FileInfo>
        <Attr Name="ImportPath" Val="$PPRDIR/../../../../../../../../../../../../../../../../../../../../../../Downloads/Telegram Desktop/anne.xpr/MODS/MODS.srcs/sources_1/new/learn_p1.v"/>
        <Attr Name="ImportTime" Val="1699030073"/>
        <Attr Name="UsedIn" Val="synthesis"/>
        <Attr Name="UsedIn" Val="implementation"/>
        <Attr Name="UsedIn" Val="simulation"/>
      </FileInfo>
    </File>
    <File Path="$PSRCDIR/sources_1/imports/davia/EE2026 Labs/MODS/MODS/MODS.srcs/sources_1/new/letterCount.v">
      <FileInfo>
        <Attr Name="ImportPath" Val="$PPRDIR/../../../../../../../../EE2026 Labs/MODS/MODS/MODS.srcs/sources_1/new/letterCount.v"/>
        <Attr Name="ImportTime" Val="1699046734"/>
        <Attr Name="UsedIn" Val="synthesis"/>
        <Attr Name="UsedIn" Val="implementation"/>
        <Attr Name="UsedIn" Val="simulation"/>
      </FileInfo>
    </File>
    <File Path="$PSRCDIR/sources_1/imports/mainmenu/menuGreenBox.v">
      <FileInfo>
        <Attr Name="ImportPath" Val="$PPRDIR/../../../../../../../../../../../../../../../../../../../../../emodsNarchive/final_indiv_3nov.xpr/project_1/project_1.srcs/sources_1/imports/mainmenu/menuGreenBox.v"/>
        <Attr Name="ImportTime" Val="1699022098"/>
        <Attr Name="UsedIn" Val="synthesis"/>
        <Attr Name="UsedIn" Val="implementation"/>
        <Attr Name="UsedIn" Val="simulation"/>
      </FileInfo>
    </File>
    <File Path="$PSRCDIR/sources_1/imports/davia/EE2026 Labs/MODS/MODS/MODS.srcs/sources_1/new/messages.v">
      <FileInfo>
        <Attr Name="ImportPath" Val="$PPRDIR/../../../../../../../../EE2026 Labs/MODS/MODS/MODS.srcs/sources_1/new/messages.v"/>
        <Attr Name="ImportTime" Val="1699065850"/>
        <Attr Name="UsedIn" Val="synthesis"/>
        <Attr Name="UsedIn" Val="implementation"/>
        <Attr Name="UsedIn" Val="simulation"/>
      </FileInfo>
    </File>
    <File Path="$PSRCDIR/sources_1/new/oled_display_chat.v">
      <FileInfo>
        <Attr Name="ImportPath" Val="$PPRDIR/../../../../../../../../../../../../../../../../../../../../../emodsNarchive/project_1/project_1.srcs/sources_1/new/oled_display_chat.v"/>
        <Attr Name="ImportTime" Val="1698691284"/>
        <Attr Name="UsedIn" Val="synthesis"/>
        <Attr Name="UsedIn" Val="implementation"/>
        <Attr Name="UsedIn" Val="simulation"/>
      </FileInfo>
    </File>
    <File Path="$PSRCDIR/sources_1/new/process_bitmap.v">
      <FileInfo>
        <Attr Name="ImportPath" Val="$PPRDIR/../../../../../../../../../../../../../../../../../../../../../emodsNarchive/project_1/project_1.srcs/sources_1/new/process_bitmap.v"/>
        <Attr Name="ImportTime" Val="1698690943"/>
        <Attr Name="UsedIn" Val="synthesis"/>
        <Attr Name="UsedIn" Val="implementation"/>
        <Attr Name="UsedIn" Val="simulation"/>
      </FileInfo>
    </File>
    <File Path="$PSRCDIR/sources_1/imports/davia/EE2026 Labs/MODS/MODS/MODS.srcs/sources_1/new/redBox.v">
      <FileInfo>
        <Attr Name="ImportPath" Val="$PPRDIR/../../../../../../../../EE2026 Labs/MODS/MODS/MODS.srcs/sources_1/new/redBox.v"/>
        <Attr Name="ImportTime" Val="1698425605"/>
        <Attr Name="UsedIn" Val="synthesis"/>
        <Attr Name="UsedIn" Val="implementation"/>
        <Attr Name="UsedIn" Val="simulation"/>
      </FileInfo>
    </File>
    <File Path="$PSRCDIR/sources_1/imports/ntyythepro/Downloads/Telegram Desktop/anne.xpr/MODS/MODS.srcs/sources_1/new/square_controls.v">
      <FileInfo>
        <Attr Name="ImportPath" Val="$PPRDIR/../../../../../../../../../../../../../../../../../../../../../../Downloads/Telegram Desktop/anne.xpr/MODS/MODS.srcs/sources_1/new/square_controls.v"/>
        <Attr Name="ImportTime" Val="1699018511"/>
        <Attr Name="UsedIn" Val="synthesis"/>
        <Attr Name="UsedIn" Val="implementation"/>
        <Attr Name="UsedIn" Val="simulation"/>
      </FileInfo>
    </File>
    <File Path="$PSRCDIR/sources_1/imports/davia/EE2026 Labs/MODS/MODS/MODS.srcs/sources_1/new/steganography.v">
      <FileInfo>
        <Attr Name="ImportPath" Val="$PPRDIR/../../../../../../../../EE2026 Labs/MODS/MODS/MODS.srcs/sources_1/new/steganography.v"/>
        <Attr Name="ImportTime" Val="1699089338"/>
        <Attr Name="UsedIn" Val="synthesis"/>
        <Attr Name="UsedIn" Val="implementation"/>
        <Attr Name="UsedIn" Val="simulation"/>
      </FileInfo>
    </File>
    <File Path="$PSRCDIR/sources_1/new/stegoGreenBox.v">
      <FileInfo>
        <Attr Name="ImportPath" Val="$PPRDIR/../../../../../../../../EE2026 Labs/project_1/project_1.srcs/sources_1/new/stegoGreenBox.v"/>
        <Attr Name="ImportTime" Val="1699095304"/>
        <Attr Name="UsedIn" Val="synthesis"/>
        <Attr Name="UsedIn" Val="implementation"/>
        <Attr Name="UsedIn" Val="simulation"/>
      </FileInfo>
    </File>
    <File Path="$PSRCDIR/sources_1/imports/davia/EE2026 Labs/MODS/MODS/MODS.srcs/sources_1/new/variable_clock.v">
      <FileInfo>
        <Attr Name="ImportPath" Val="$PPRDIR/../../../../../../../../EE2026 Labs/MODS/MODS/MODS.srcs/sources_1/new/variable_clock.v"/>
        <Attr Name="ImportTime" Val="1699046660"/>
        <Attr Name="UsedIn" Val="synthesis"/>
        <Attr Name="UsedIn" Val="implementation"/>
        <Attr Name="UsedIn" Val="simulation"/>
      </FileInfo>
    </File>
    <File Path="$PSRCDIR/sources_1/new/variable_clock.v">
      <FileInfo>
        <Attr Name="ImportPath" Val="$PPRDIR/../../../../../../../../../../../../../../../../../../../../../emodsNarchive/project_1/project_1.srcs/sources_1/new/variable_clock.v"/>
        <Attr Name="ImportTime" Val="1698656220"/>
        <Attr Name="UsedIn" Val="synthesis"/>
        <Attr Name="UsedIn" Val="implementation"/>
        <Attr Name="UsedIn" Val="simulation"/>
      </FileInfo>
    </File>
    <File Path="$PSRCDIR/sources_1/imports/ntyythepro/Downloads/Telegram Desktop/anne.xpr/MODS/MODS.srcs/sources_1/imports/Desktop/Mouse_Control.vhd">
      <FileInfo>
        <Attr Name="ImportPath" Val="$PPRDIR/../../../../../../../../../../../../../../../../../../../../../../Downloads/Telegram Desktop/anne.xpr/MODS/MODS.srcs/sources_1/imports/Desktop/Mouse_Control.vhd"/>
        <Attr Name="ImportTime" Val="1699018507"/>
        <Attr Name="UsedIn" Val="synthesis"/>
        <Attr Name="UsedIn" Val="simulation"/>
      </FileInfo>
    </File>
    <File Path="$PSRCDIR/sources_1/imports/ntyythepro/Downloads/Telegram Desktop/anne.xpr/MODS/MODS.srcs/sources_1/imports/Desktop/Ps2Interface.vhd">
      <FileInfo>
        <Attr Name="ImportPath" Val="$PPRDIR/../../../../../../../../../../../../../../../../../../../../../../Downloads/Telegram Desktop/anne.xpr/MODS/MODS.srcs/sources_1/imports/Desktop/Ps2Interface.vhd"/>
        <Attr Name="ImportTime" Val="1699018508"/>
        <Attr Name="UsedIn" Val="synthesis"/>
        <Attr Name="UsedIn" Val="simulation"/>
      </FileInfo>
    </File>
    <File Path="$PSRCDIR/sources_1/new/top_module.v">
      <FileInfo>
        <Attr Name="ImportPath" Val="$PPRDIR/../../../../../../../../../../../../../../../../../../../../../emodsNarchive/final_indiv_3nov.xpr/project_1/project_1.srcs/sources_1/new/top_module.v"/>
        <Attr Name="ImportTime" Val="1699029951"/>
        <Attr Name="UsedIn" Val="synthesis"/>
        <Attr Name="UsedIn" Val="implementation"/>
        <Attr Name="UsedIn" Val="simulation"/>
      </FileInfo>
    </File>
    <File Path="$PSRCDIR/sources_1/imports/davia/EE2026 Labs/MODS/MODS/MODS.srcs/sources_1/new/MainMenu.v">
      <FileInfo>
        <Attr Name="AutoDisabled" Val="1"/>
        <Attr Name="ImportPath" Val="$PPRDIR/../../../../../../../../EE2026 Labs/MODS/MODS/MODS.srcs/sources_1/new/MainMenu.v"/>
        <Attr Name="ImportTime" Val="1699046899"/>
        <Attr Name="UsedIn" Val="synthesis"/>
        <Attr Name="UsedIn" Val="implementation"/>
        <Attr Name="UsedIn" Val="simulation"/>
      </FileInfo>
    </File>
    <File Path="$PSRCDIR/sources_1/imports/davia/EE2026 Labs/MODS/MODS/MODS.srcs/sources_1/new/menuGreenBox.v">
      <FileInfo>
        <Attr Name="AutoDisabled" Val="1"/>
        <Attr Name="ImportPath" Val="$PPRDIR/../../../../../../../../EE2026 Labs/MODS/MODS/MODS.srcs/sources_1/new/menuGreenBox.v"/>
        <Attr Name="ImportTime" Val="1699046853"/>
        <Attr Name="UsedIn" Val="synthesis"/>
        <Attr Name="UsedIn" Val="implementation"/>
        <Attr Name="UsedIn" Val="simulation"/>
      </FileInfo>
    </File>
    <File Path="$PSRCDIR/sources_1/new/keyboard_chat.v">
      <FileInfo>
        <Attr Name="AutoDisabled" Val="1"/>
        <Attr Name="ImportPath" Val="$PPRDIR/../../../../../../../../../../../../../../../../../../../../../emodsNarchive/project_1/project_1.srcs/sources_1/new/keyboard_chat.v"/>
        <Attr Name="ImportTime" Val="1698648471"/>
        <Attr Name="UsedIn" Val="synthesis"/>
        <Attr Name="UsedIn" Val="implementation"/>
        <Attr Name="UsedIn" Val="simulation"/>
      </FileInfo>
    </File>
    <File Path="$PSRCDIR/sources_1/new/scancode_to_ascii.v">
      <FileInfo>
        <Attr Name="AutoDisabled" Val="1"/>
        <Attr Name="ImportPath" Val="$PPRDIR/../../../../../../../../../../../../../../../../../../../../../emodsNarchive/project_1/project_1.srcs/sources_1/new/scancode_to_ascii.v"/>
        <Attr Name="ImportTime" Val="1698647026"/>
        <Attr Name="UsedIn" Val="synthesis"/>
        <Attr Name="UsedIn" Val="implementation"/>
        <Attr Name="UsedIn" Val="simulation"/>
      </FileInfo>
    </File>
    <File Path="$PSRCDIR/sources_1/imports/davia/EE2026 Labs/MODS/MODS/MODS.srcs/sources_1/new/keyboard.v">
      <FileInfo>
        <Attr Name="AutoDisabled" Val="1"/>
        <Attr Name="ImportPath" Val="$PPRDIR/../../../../../../../../EE2026 Labs/MODS/MODS/MODS.srcs/sources_1/new/keyboard.v"/>
        <Attr Name="ImportTime" Val="1699055015"/>
        <Attr Name="UsedIn" Val="synthesis"/>
        <Attr Name="UsedIn" Val="implementation"/>
        <Attr Name="UsedIn" Val="simulation"/>
      </FileInfo>
    </File>
    <File Path="$PSRCDIR/sources_1/imports/davia/EE2026 Labs/MODS/MODS/MODS.srcs/sources_1/new/BRAM_MainMenu.v">
      <FileInfo>
        <Attr Name="AutoDisabled" Val="1"/>
        <Attr Name="ImportPath" Val="$PPRDIR/../../../../../../../../EE2026 Labs/MODS/MODS/MODS.srcs/sources_1/new/BRAM_MainMenu.v"/>
        <Attr Name="ImportTime" Val="1699049878"/>
        <Attr Name="UsedIn" Val="synthesis"/>
        <Attr Name="UsedIn" Val="implementation"/>
        <Attr Name="UsedIn" Val="simulation"/>
      </FileInfo>
    </File>
    <File Path="$PSRCDIR/sources_1/imports/Desktop/00.coe">
      <FileInfo>
        <Attr Name="ImportPath" Val="$PPRDIR/../../../../../../../../../../../../../../../../../../../../../MODS/MODS.srcs/sources_1/imports/Desktop/00.coe"/>
        <Attr Name="ImportTime" Val="1696572953"/>
        <Attr Name="UsedIn" Val="synthesis"/>
        <Attr Name="UsedIn" Val="simulation"/>
      </FileInfo>
    </File>
    <File Path="$PSRCDIR/sources_1/imports/Desktop/weights.coe">
      <FileInfo>
        <Attr Name="ImportPath" Val="$PPRDIR/../../../../../../../../../../../../../../../../../../../../../MODS/MODS.srcs/sources_1/imports/Desktop/weights.coe"/>
        <Attr Name="ImportTime" Val="1696572954"/>
        <Attr Name="UsedIn" Val="synthesis"/>
        <Attr Name="UsedIn" Val="simulation"/>
      </FileInfo>
    </File>
    <File Path="$PSRCDIR/sources_1/imports/ntyythepro/Verilog/emodsNarchive/final_indiv_3nov.xpr/project_1/archive_project_summary.txt">
      <FileInfo>
        <Attr Name="ImportPath" Val="$PPRDIR/../../../../../../../../../../../../../../../../../../../../../emodsNarchive/final_indiv_3nov.xpr/project_1/archive_project_summary.txt"/>
        <Attr Name="ImportTime" Val="1698995310"/>
      </FileInfo>
    </File>
    <File Path="$PSRCDIR/sources_1/imports/davia/Downloads/Telegram Desktop/easteregg1.xpr/project_1/archive_project_summary.txt">
      <FileInfo>
        <Attr Name="ImportPath" Val="$PPRDIR/../../../../../../../../Downloads/Telegram Desktop/easteregg1.xpr/project_1/archive_project_summary.txt"/>
        <Attr Name="ImportTime" Val="1699045785"/>
      </FileInfo>
    </File>
    <File Path="$PSRCDIR/sources_1/imports/davia/EE2026 Labs/MODS/MODS/MODS.srcs/sources_1/new/BRAM_createPassword.v">
      <FileInfo>
        <Attr Name="AutoDisabled" Val="1"/>
        <Attr Name="ImportPath" Val="$PPRDIR/../../../../../../../../EE2026 Labs/MODS/MODS/MODS.srcs/sources_1/new/BRAM_createPassword.v"/>
        <Attr Name="ImportTime" Val="1699012528"/>
        <Attr Name="UsedIn" Val="synthesis"/>
        <Attr Name="UsedIn" Val="implementation"/>
        <Attr Name="UsedIn" Val="simulation"/>
      </FileInfo>
    </File>
    <File Path="$PSRCDIR/sources_1/imports/davia/EE2026 Labs/MODS/MODS/MODS.srcs/sources_1/new/box.v">
      <FileInfo>
        <Attr Name="AutoDisabled" Val="1"/>
        <Attr Name="ImportPath" Val="$PPRDIR/../../../../../../../../EE2026 Labs/MODS/MODS/MODS.srcs/sources_1/new/box.v"/>
        <Attr Name="ImportTime" Val="1697567707"/>
        <Attr Name="UsedIn" Val="synthesis"/>
        <Attr Name="UsedIn" Val="implementation"/>
        <Attr Name="UsedIn" Val="simulation"/>
      </FileInfo>
    </File>
    <File Path="$PSRCDIR/sources_1/imports/davia/EE2026 Labs/MODS/MODS/MODS.srcs/sources_1/new/BRAM_Login.v">
      <FileInfo>
        <Attr Name="AutoDisabled" Val="1"/>
        <Attr Name="ImportPath" Val="$PPRDIR/../../../../../../../../EE2026 Labs/MODS/MODS/MODS.srcs/sources_1/new/BRAM_Login.v"/>
        <Attr Name="ImportTime" Val="1699012534"/>
        <Attr Name="UsedIn" Val="synthesis"/>
        <Attr Name="UsedIn" Val="implementation"/>
        <Attr Name="UsedIn" Val="simulation"/>
      </FileInfo>
    </File>
    <File Path="$PSRCDIR/sources_1/imports/davia/EE2026 Labs/MODS/MODS/MODS.srcs/sources_1/new/greenBox.v">
      <FileInfo>
        <Attr Name="AutoDisabled" Val="1"/>
        <Attr Name="ImportPath" Val="$PPRDIR/../../../../../../../../EE2026 Labs/MODS/MODS/MODS.srcs/sources_1/new/greenBox.v"/>
        <Attr Name="ImportTime" Val="1697568220"/>
        <Attr Name="UsedIn" Val="synthesis"/>
        <Attr Name="UsedIn" Val="implementation"/>
        <Attr Name="UsedIn" Val="simulation"/>
      </FileInfo>
    </File>
    <File Path="$PSRCDIR/sources_1/imports/davia/EE2026 Labs/MODS/MODS/MODS.srcs/sources_1/new/easteregg.v">
      <FileInfo>
        <Attr Name="AutoDisabled" Val="1"/>
        <Attr Name="ImportPath" Val="$PPRDIR/../../../../../../../../EE2026 Labs/MODS/MODS/MODS.srcs/sources_1/new/easteregg.v"/>
        <Attr Name="ImportTime" Val="1699034463"/>
        <Attr Name="UsedIn" Val="synthesis"/>
        <Attr Name="UsedIn" Val="implementation"/>
        <Attr Name="UsedIn" Val="simulation"/>
      </FileInfo>
    </File>
    <File Path="$PSRCDIR/sources_1/imports/davia/EE2026 Labs/MODS/MODS/MODS.srcs/sources_1/new/white_box.v">
      <FileInfo>
        <Attr Name="AutoDisabled" Val="1"/>
        <Attr Name="ImportPath" Val="$PPRDIR/../../../../../../../../EE2026 Labs/MODS/MODS/MODS.srcs/sources_1/new/white_box.v"/>
        <Attr Name="ImportTime" Val="1696797570"/>
        <Attr Name="UsedIn" Val="synthesis"/>
        <Attr Name="UsedIn" Val="implementation"/>
        <Attr Name="UsedIn" Val="simulation"/>
      </FileInfo>
    </File>
    <File Path="$PSRCDIR/sources_1/imports/davia/EE2026 Labs/MODS/MODS/MODS.srcs/sources_1/new/Top_Student.v">
      <FileInfo>
        <Attr Name="AutoDisabled" Val="1"/>
        <Attr Name="ImportPath" Val="$PPRDIR/../../../../../../../../EE2026 Labs/MODS/MODS/MODS.srcs/sources_1/new/Top_Student.v"/>
        <Attr Name="ImportTime" Val="1699049797"/>
        <Attr Name="UsedIn" Val="synthesis"/>
        <Attr Name="UsedIn" Val="implementation"/>
        <Attr Name="UsedIn" Val="simulation"/>
      </FileInfo>
    </File>
    <File Path="$PSRCDIR/sources_1/imports/project_1/archive_project_summary.txt">
      <FileInfo>
        <Attr Name="ImportPath" Val="$PPRDIR/../../../../../../../../EE2026 Labs/project_1/archive_project_summary.txt"/>
        <Attr Name="ImportTime" Val="1699093320"/>
      </FileInfo>
    </File>
    <Config>
      <Option Name="DesignMode" Val="RTL"/>
      <Option Name="TopModule" Val="top_module"/>
      <Option Name="TopAutoSet" Val="TRUE"/>
    </Config>
  </FileSet>
  <FileSet Name="constrs_in" Type="Constrs" RelSrcDir="$PSRCDIR/constrs_1">
    <Filter Type="Constrs"/>
    <File Path="$PSRCDIR/constrs_1/new/constraints.xdc">
      <FileInfo>
        <Attr Name="ImportPath" Val="$PPRDIR/../../../../../../../../../../../../../../../../../../../../../emodsNarchive/project_1/project_1.srcs/constrs_1/new/constraints.xdc"/>
        <Attr Name="ImportTime" Val="1698656841"/>
        <Attr Name="UsedIn" Val="synthesis"/>
        <Attr Name="UsedIn" Val="implementation"/>
      </FileInfo>
    </File>
    <Config>
      <Option Name="ConstrsType" Val="XDC"/>
    </Config>
  </FileSet>
  <Strategy Version="1" Minor="2">
    <StratHandle Name="Vivado Synthesis Defaults" Flow="Vivado Synthesis 2018"/>
    <Step Id="synth_design"/>
  </Strategy>
</GenRun>
